"TASKID","COMPARTMENT1_DRIVER","COMPARTMENT1_ISOLSTACK","COMPARTMENT2_DRIVER","COMPARTMENT2_ISOLSTACK","COMPARTMENT3_DRIVER","COMPARTMENT3_ISOLSTACK","LIBLWIP_COMPARTMENT","LIBLWIP_SFI","LIBNEWLIB_COMPARTMENT","LIBNEWLIB_SFI","LIBNGINX_COMPARTMENT","LIBNGINX_SFI","LIBPTHREAD_EMBEDDED_COMPARTMENT","LIBPTHREAD_EMBEDDED_SFI","LIBTLSF_COMPARTMENT","LIBTLSF_SFI","LIBUKSCHED_COMPARTMENT","LIBUKSCHED_SFI","NUM_COMPARTMENTS"
"01f30ec6fa5caf4910387ee58bca6065","intel-pku","false","intel-pku","false","intel-pku","false","1","y","1","n","1","y","1","n","1","n","3","y","3"
"027a8beaf7bf0dab37591f2976fab73e","intel-pku","false","intel-pku","false","intel-pku","false","2","n","1","y","1","n","1","n","1","n","2","y","3"
"02f7c73abf5cd35404f70eca09a8ea06","intel-pku","false","intel-pku","false","intel-pku","false","1","y","1","n","1","n","1","n","1","n","3","y","3"
"04097c7ab1aa626d77dfc67a5ea092b3","intel-pku","false","intel-pku","false","intel-pku","false","1","n","1","n","1","y","1","n","1","n","2","y","3"
"064614846181bcfc696a89cd3cec0315","intel-pku","false","intel-pku","false","intel-pku","false","1","n","1","n","1","y","1","n","1","n","1","n","3"
"07078fa8ab565f896caa2acce7de1abd","intel-pku","false","intel-pku","false","intel-pku","false","1","y","1","y","1","y","1","n","1","n","2","n","3"
"09ac3548540700399730eacc68ca54bd","intel-pku","false","intel-pku","false","intel-pku","false","3","n","1","n","1","n","1","n","1","n","3","n","3"
"09d81d0de690a37b74b2d0b874ce3348","intel-pku","false","intel-pku","false","intel-pku","false","2","y","1","y","1","y","1","n","1","n","3","n","3"
"0a68e98ffa1a6d78476aee1b293fa971","intel-pku","false","intel-pku","false","intel-pku","false","3","y","1","n","1","y","1","n","1","n","2","y","3"
"0ccdf3f6943cf309e0728349ae17b374","intel-pku","false","intel-pku","false","intel-pku","false","3","n","1","n","1","n","1","n","1","n","1","n","3"
"0e02c52af58dcda46ee75ec5d0af92e9","intel-pku","false","intel-pku","false","intel-pku","false","2","n","1","n","1","y","1","n","1","n","1","n","3"
"15d1f0d84ed83ed1eb766d6c3bccd05c","intel-pku","false","intel-pku","false","intel-pku","false","3","n","1","y","1","n","1","n","1","n","1","n","3"
"166370a55ea797ec4c18310e3b71b0ff","intel-pku","false","intel-pku","false","intel-pku","false","2","n","1","y","1","n","1","n","1","n","1","n","3"
"1710b25cd7a8cd76e0a1384ce7152f41","intel-pku","false","intel-pku","false","intel-pku","false","3","n","1","y","1","y","1","n","1","n","2","y","3"
"176b9e68e04e4b674412a214a819ce7d","intel-pku","false","intel-pku","false","intel-pku","false","2","y","1","n","1","y","1","n","1","n","3","y","3"
"19cb4b73fe87d71799c69c36d1d2d7ac","intel-pku","false","intel-pku","false","intel-pku","false","2","y","1","y","1","y","1","n","1","n","3","y","3"
"1a7a87fd27d53151deb12c3973c24844","intel-pku","false","intel-pku","false","intel-pku","false","1","n","1","n","1","y","1","n","1","n","1","y","3"
"1c30286c35cf3817a5b9b5082eb7574f","intel-pku","false","intel-pku","false","intel-pku","false","2","y","1","y","1","y","1","n","1","n","2","y","3"
"1df159753fc71cbd65b7592f312c5038","intel-pku","false","intel-pku","false","intel-pku","false","1","y","1","y","1","n","1","n","1","n","3","n","3"
"1e4a0a69fdf77233551758e44f771eb8","intel-pku","false","intel-pku","false","intel-pku","false","3","n","1","y","1","y","1","n","1","n","1","y","3"
"23ca5ae070cd34dfab96de404cb77d52","intel-pku","false","intel-pku","false","intel-pku","false","3","y","1","n","1","y","1","n","1","n","3","y","3"
"2776911304b3f7dc65f0d250330e679d","intel-pku","false","intel-pku","false","intel-pku","false","2","y","1","n","1","y","1","n","1","n","2","n","3"
"2eb14a7edf1087c77cf65cfb744b27fa","intel-pku","false","intel-pku","false","intel-pku","false","1","y","1","n","1","y","1","n","1","n","2","n","3"
"2f9bcaa8f9232473833af041fb14fdb9","intel-pku","false","intel-pku","false","intel-pku","false","2","n","1","n","1","n","1","n","1","n","1","y","3"
"30b725c2f2beb53d7c55ffac7cbd66c5","intel-pku","false","intel-pku","false","intel-pku","false","1","n","1","y","1","n","1","n","1","n","3","y","3"
"31a757ed011fecd2a05975736de209d5","intel-pku","false","intel-pku","false","intel-pku","false","3","n","1","y","1","y","1","n","1","n","2","n","3"
"347158d1c9dc40534571bec7d1aea5ab","intel-pku","false","intel-pku","false","intel-pku","false","2","y","1","y","1","y","1","n","1","n","1","y","3"
"357eb6d1c7e8e2c35f3a48138b60d866","intel-pku","false","intel-pku","false","intel-pku","false","3","n","1","y","1","n","1","n","1","n","2","y","3"
"36d07e3d821400f2de7790d9f32b2f5a","intel-pku","false","intel-pku","false","intel-pku","false","2","n","1","y","1","n","1","n","1","n","1","y","3"
"3811939712fc987dcc2b7ed57513dd39","intel-pku","false","intel-pku","false","intel-pku","false","1","y","1","n","1","y","1","n","1","n","3","n","3"
"3aacd2c3596e9dad8bebbfc205fd0dcf","intel-pku","false","intel-pku","false","intel-pku","false","1","n","1","y","1","n","1","n","1","n","2","n","3"
"3ac06836dc8ac2978f73fde17e7d27dc","intel-pku","false","intel-pku","false","intel-pku","false","2","n","1","n","1","y","1","n","1","n","2","n","3"
"3b0e1e9b2fa97357338881d7e472f9ce","intel-pku","false","intel-pku","false","intel-pku","false","1","n","1","y","1","n","1","n","1","n","1","n","3"
"3e4d7b22729097fa40982bd7f1a36698","intel-pku","false","intel-pku","false","intel-pku","false","1","n","1","n","1","n","1","n","1","n","2","n","3"
"3f16cf5870262e3dc1ea9a6c8ea7602d","intel-pku","false","intel-pku","false","intel-pku","false","1","n","1","y","1","y","1","n","1","n","2","n","3"
"413904fdf1551e9abb3178fab01eef96","intel-pku","false","intel-pku","false","intel-pku","false","3","n","1","y","1","n","1","n","1","n","2","n","3"
"43587a4262e187cd586111004a69725a","intel-pku","false","intel-pku","false","intel-pku","false","3","y","1","n","1","n","1","n","1","n","3","y","3"
"466fd8d14e03b94fa3b75f7698e59308","intel-pku","false","intel-pku","false","intel-pku","false","3","n","1","y","1","y","1","n","1","n","3","n","3"
"4b1c277ce12e6b9bbf57fef908b2163c","intel-pku","false","intel-pku","false","intel-pku","false","1","n","1","n","1","n","1","n","1","n","1","y","3"
"50e39f32f5e546ad23b7bc85a061633f","intel-pku","false","intel-pku","false","intel-pku","false","2","y","1","y","1","n","1","n","1","n","3","y","3"
"51abe2e6954cbe35bf49c4236e9baae7","intel-pku","false","intel-pku","false","intel-pku","false","2","y","1","n","1","y","1","n","1","n","1","y","3"
"52899b3fe2e61f4e154291e3c5a9b088","intel-pku","false","intel-pku","false","intel-pku","false","1","y","1","y","1","y","1","n","1","n","3","y","3"
"5636dcd720e15ec00107878a58a15e82","intel-pku","false","intel-pku","false","intel-pku","false","2","y","1","y","1","n","1","n","1","n","2","n","3"
"569db664c39626ffa1e75fd0c79e5567","intel-pku","false","intel-pku","false","intel-pku","false","2","n","1","n","1","n","1","n","1","n","3","y","3"
"57cb6ecb5e63ac4fcb09723f92536d71","intel-pku","false","intel-pku","false","intel-pku","false","2","n","1","n","1","n","1","n","1","n","2","n","3"
"589da19a1eb1d4cf20ebb0cc03120eec","intel-pku","false","intel-pku","false","intel-pku","false","2","n","1","n","1","n","1","n","1","n","3","n","3"
"5a8627d35df45a1ec3d279b48e8f0d60","intel-pku","false","intel-pku","false","intel-pku","false","1","y","1","n","1","n","1","n","1","n","2","y","3"
"5bc8a3149ae11b9747559199e05a5569","intel-pku","false","intel-pku","false","intel-pku","false","1","n","1","n","1","n","1","n","1","n","3","y","3"
"5cbaebb8ccaac64981371db0eb7d778a","intel-pku","false","intel-pku","false","intel-pku","false","3","y","1","y","1","y","1","n","1","n","2","y","3"
"698ff3ba4e2dcf060b5ef4a492f7dee2","intel-pku","false","intel-pku","false","intel-pku","false","3","y","1","y","1","n","1","n","1","n","3","y","3"
"6c56ca6fc2eb57db591cc1a71b86599d","intel-pku","false","intel-pku","false","intel-pku","false","1","y","1","y","1","y","1","n","1","n","3","n","3"
"6d1596f6422a80ccf7a834ed49681acf","intel-pku","false","intel-pku","false","intel-pku","false","2","n","1","n","1","n","1","n","1","n","2","y","3"
"6dd861a3d538d2835c6f112bfdb363c1","intel-pku","false","intel-pku","false","intel-pku","false","3","n","1","n","1","y","1","n","1","n","2","y","3"
"6e83768082ce8854fdb14f86e570f46e","intel-pku","false","intel-pku","false","intel-pku","false","2","n","1","n","1","y","1","n","1","n","1","y","3"
"713d94a63b31439074093b4b87c3e4e2","intel-pku","false","intel-pku","false","intel-pku","false","2","n","1","y","1","n","1","n","1","n","2","n","3"
"726a711517e025f1a31767466194c74d","intel-pku","false","intel-pku","false","intel-pku","false","3","n","1","n","1","n","1","n","1","n","1","y","3"
"740797edc9b4a0baf092da96578f6f45","intel-pku","false","intel-pku","false","intel-pku","false","2","n","1","y","1","y","1","n","1","n","1","y","3"
"743ed75a7611961ba1d81bfd1e4b7d2a","intel-pku","false","intel-pku","false","intel-pku","false","3","y","1","y","1","n","1","n","1","n","2","y","3"
"74bfb0e0c72f30c9b76eeb03ee0ea1cb","intel-pku","false","intel-pku","false","intel-pku","false","2","y","1","n","1","n","1","n","1","n","3","y","3"
"77488dad24e475dbcf09a20ed459c1b9","intel-pku","false","intel-pku","false","intel-pku","false","3","n","1","n","1","y","1","n","1","n","2","n","3"
"78384c22177211f05ebdc3d0a5cfb497","intel-pku","false","intel-pku","false","intel-pku","false","3","y","1","y","1","y","1","n","1","n","2","n","3"
"78be550ac6ebc255bb1f73b970e273ee","intel-pku","false","intel-pku","false","intel-pku","false","1","n","1","n","1","y","1","n","1","n","3","y","3"
"7940c83ee147918d49b7ed57864779ca","intel-pku","false","intel-pku","false","intel-pku","false","3","n","1","y","1","y","1","n","1","n","3","y","3"
"805790ec881717eab4bcf2d0f4b2f201","intel-pku","false","intel-pku","false","intel-pku","false","3","n","1","y","1","y","1","n","1","n","1","n","3"
"80c0b8f868acd30174c1a686f0f43efc","intel-pku","false","intel-pku","false","intel-pku","false","1","y","1","n","1","y","1","n","1","n","2","y","3"
"826bcc0e204982d34a8559cf3dc80131","intel-pku","false","intel-pku","false","intel-pku","false","1","n","1","n","1","y","1","n","1","n","2","n","3"
"82c86950f1324ebd2358ad6e6cdbdc55","intel-pku","false","intel-pku","false","intel-pku","false","3","y","1","n","1","y","1","n","1","n","3","n","3"
"82ea945180912bcb1701cbb11f7a562a","intel-pku","false","intel-pku","false","intel-pku","false","1","y","1","y","1","n","1","n","1","n","2","y","3"
"85af52480b5765277f06e4078a2b5fbc","intel-pku","false","intel-pku","false","intel-pku","false","3","n","1","n","1","n","1","n","1","n","2","n","3"
"89c03d13495f7bb81cf2dfd3856bc0bb","intel-pku","false","intel-pku","false","intel-pku","false","1","y","1","y","1","n","1","n","1","n","2","n","3"
"8b90f7c80c9ec3ccf542208e34749b96","intel-pku","false","intel-pku","false","intel-pku","false","1","y","1","y","1","y","1","n","1","n","1","y","3"
"8cf7fbecb2f71ec8b18b648774a33f4b","intel-pku","false","intel-pku","false","intel-pku","false","2","y","1","n","1","y","1","n","1","n","1","n","3"
"8d0cec062798e8c819d75d33ee650a4a","intel-pku","false","intel-pku","false","intel-pku","false","1","y","1","n","1","n","1","n","1","n","2","n","3"
"8edcee103ce9c8f6b4424005ee8a2dae","intel-pku","false","intel-pku","false","intel-pku","false","3","y","1","y","1","y","1","n","1","n","1","y","3"
"8ef6de4199738b47d43e7c168bf47b36","intel-pku","false","intel-pku","false","intel-pku","false","1","y","1","y","1","y","1","n","1","n","1","n","3"
"920f07cb5011d7274f83cae20eccd7a8","intel-pku","false","intel-pku","false","intel-pku","false","1","y","1","n","1","y","1","n","1","n","1","y","3"
"93f254dc666fc65bbaa3230d4a56dab4","intel-pku","false","intel-pku","false","intel-pku","false","1","n","1","y","1","y","1","n","1","n","3","n","3"
"943ba784ea71f52bf3cf61b444b8bf8a","intel-pku","false","intel-pku","false","intel-pku","false","3","n","1","y","1","n","1","n","1","n","1","y","3"
"948410c883ec87190b26621787d87754","intel-pku","false","intel-pku","false","intel-pku","false","1","n","1","y","1","y","1","n","1","n","1","y","3"
"9506469253d72f60d48b7de73688b61c","intel-pku","false","intel-pku","false","intel-pku","false","3","n","1","n","1","n","1","n","1","n","3","y","3"
"96713a4e718f70577a474e9f0ce20dff","intel-pku","false","intel-pku","false","intel-pku","false","3","y","1","y","1","y","1","n","1","n","3","y","3"
"9d8c6a16701ac317eaa9aa668fb040e8","intel-pku","false","intel-pku","false","intel-pku","false","1","y","1","y","1","n","1","n","1","n","3","y","3"
"a0f2464c059e823f22f59cbaef36ab85","intel-pku","false","intel-pku","false","intel-pku","false","2","n","1","y","1","y","1","n","1","n","3","n","3"
"a2f69d47a6f7b728c7ed13c9a8159d93","intel-pku","false","intel-pku","false","intel-pku","false","2","y","1","n","1","n","1","n","1","n","2","n","3"
"a485275cc8ee85b430cd034deaee97df","intel-pku","false","intel-pku","false","intel-pku","false","1","n","1","n","1","n","1","n","1","n","1","n","3"
"a4f54cab5b35096387ddd0f7601e7f9c","intel-pku","false","intel-pku","false","intel-pku","false","2","n","1","n","1","n","1","n","1","n","1","n","3"
"a64177e6c1e3549e9ba922ccd674c57b","intel-pku","false","intel-pku","false","intel-pku","false","2","n","1","y","1","n","1","n","1","n","3","y","3"
"a65150b629481ef5dd97acfc89b11125","intel-pku","false","intel-pku","false","intel-pku","false","3","n","1","n","1","n","1","n","1","n","2","y","3"
"a792910bd34ed48d39b52d6e75868d8e","intel-pku","false","intel-pku","false","intel-pku","false","3","y","1","n","1","n","1","n","1","n","2","n","3"
"ab5cd6dac66701fbb9bbe894f87c03cb","intel-pku","false","intel-pku","false","intel-pku","false","2","n","1","n","1","y","1","n","1","n","2","y","3"
"ae610697e3315a6ef9f211edf905370a","intel-pku","false","intel-pku","false","intel-pku","false","3","y","1","y","1","y","1","n","1","n","1","n","3"
"ae9cf3745ed3f043474bbf1d2c2208eb","intel-pku","false","intel-pku","false","intel-pku","false","3","n","1","y","1","n","1","n","1","n","3","y","3"
"afad06df1adb051ac68d45afa2ab0da6","intel-pku","false","intel-pku","false","intel-pku","false","1","y","1","n","1","n","1","n","1","n","3","n","3"
"b075c15034e313ac095a8cfff83c9f84","intel-pku","false","intel-pku","false","intel-pku","false","3","y","1","y","1","y","1","n","1","n","3","n","3"
"b41fffafdefc94c26cad562b627a5a0f","intel-pku","false","intel-pku","false","intel-pku","false","2","y","1","y","1","n","1","n","1","n","1","y","3"
"b46f766b510286746bf1959f908a33cc","intel-pku","false","intel-pku","false","intel-pku","false","2","y","1","n","1","n","1","n","1","n","3","n","3"
"b498a724360c895bb8e94668b2520c1a","intel-pku","false","intel-pku","false","intel-pku","false","3","y","1","y","1","n","1","n","1","n","1","y","3"
"b499d83551feb33b29e34df999082d67","intel-pku","false","intel-pku","false","intel-pku","false","2","n","1","y","1","n","1","n","1","n","3","n","3"
"b6415a810c4be2145d906b3641253473","intel-pku","false","intel-pku","false","intel-pku","false","1","y","1","n","1","y","1","n","1","n","1","n","3"
"b85408c87d712467f97527cd0a6042d7","intel-pku","false","intel-pku","false","intel-pku","false","1","n","1","n","1","y","1","n","1","n","3","n","3"
"ba115f855d511c566d854b5c44d7430b","intel-pku","false","intel-pku","false","intel-pku","false","1","y","1","n","1","n","1","n","1","n","1","y","3"
"ba257a497d99f9cad2e03536eaecd026","intel-pku","false","intel-pku","false","intel-pku","false","2","y","1","y","1","y","1","n","1","n","2","n","3"
"bad73e8176a8c1427b31d5818d9f0fde","intel-pku","false","intel-pku","false","intel-pku","false","1","y","1","y","1","n","1","n","1","n","1","n","3"
"baebd62dc5f3272652105001c99a43d2","intel-pku","false","intel-pku","false","intel-pku","false","2","n","1","y","1","y","1","n","1","n","1","n","3"
"bd61612b8fd586fb17d61ce05552bc18","intel-pku","false","intel-pku","false","intel-pku","false","1","n","1","n","1","n","1","n","1","n","3","n","3"
"bd66b85c00cf75767b60b4877ff3ca61","intel-pku","false","intel-pku","false","intel-pku","false","3","y","1","n","1","y","1","n","1","n","1","n","3"
"be8445c21d6ed2b619b0b7f910b4d20a","intel-pku","false","intel-pku","false","intel-pku","false","2","y","1","n","1","n","1","n","1","n","2","y","3"
"bf4a054c211e7aa28e460e2ef8240d2b","intel-pku","false","intel-pku","false","intel-pku","false","3","y","1","n","1","y","1","n","1","n","1","y","3"
"bfa474a15f40d445d303ab59e4b6a051","intel-pku","false","intel-pku","false","intel-pku","false","1","n","1","y","1","y","1","n","1","n","2","y","3"
"c07a2eb5446c0fb9b837c4eda543626d","intel-pku","false","intel-pku","false","intel-pku","false","1","y","1","n","1","n","1","n","1","n","1","n","3"
"c7fe09470e99c0af6860b83d0cea51cc","intel-pku","false","intel-pku","false","intel-pku","false","1","n","1","y","1","n","1","n","1","n","2","y","3"
"c9b992f21e5fce6ad8382eb4bace7b9f","intel-pku","false","intel-pku","false","intel-pku","false","2","y","1","n","1","n","1","n","1","n","1","y","3"
"c9eba4c838df2a4b66d81c8cf524bf2b","intel-pku","false","intel-pku","false","intel-pku","false","2","n","1","y","1","y","1","n","1","n","2","n","3"
"ca3b40bdf035ee28661c234842cbc80b","intel-pku","false","intel-pku","false","intel-pku","false","1","n","1","y","1","y","1","n","1","n","1","n","3"
"cb8df57c5ac77cdad3a1917b29380dd1","intel-pku","false","intel-pku","false","intel-pku","false","2","n","1","y","1","y","1","n","1","n","3","y","3"
"cc93a03290312029098164b06821b06e","intel-pku","false","intel-pku","false","intel-pku","false","3","y","1","n","1","n","1","n","1","n","2","y","3"
"cc9f0c4db34ad0d44627f0cf29e49522","intel-pku","false","intel-pku","false","intel-pku","false","2","n","1","y","1","y","1","n","1","n","2","y","3"
"d62ae5d772b8667b50bdb57698834620","intel-pku","false","intel-pku","false","intel-pku","false","2","y","1","n","1","y","1","n","1","n","3","n","3"
"da5e79738a21db2d944615a0c9ffd0cc","intel-pku","false","intel-pku","false","intel-pku","false","2","y","1","y","1","n","1","n","1","n","3","n","3"
"dc203b70745cbe8364cf7c25b399df74","intel-pku","false","intel-pku","false","intel-pku","false","3","y","1","n","1","n","1","n","1","n","3","n","3"
"dea3fc3a9de804540754b8f924341cc1","intel-pku","false","intel-pku","false","intel-pku","false","3","y","1","n","1","n","1","n","1","n","1","y","3"
"e07761a5d5ff68f3319404eb86c1bd74","intel-pku","false","intel-pku","false","intel-pku","false","2","n","1","n","1","y","1","n","1","n","3","n","3"
"e2f644f771a94067888ab501caff8bb7","intel-pku","false","intel-pku","false","intel-pku","false","2","y","1","y","1","n","1","n","1","n","1","n","3"
"e47ed7b9ff1106e6722fd10fc3877acc","intel-pku","false","intel-pku","false","intel-pku","false","1","n","1","y","1","n","1","n","1","n","3","n","3"
"e5a57992a90683cc88557c70459521f2","intel-pku","false","intel-pku","false","intel-pku","false","2","y","1","y","1","y","1","n","1","n","1","n","3"
"e5ceeade446e3a1be3a483fd03a74d92","intel-pku","false","intel-pku","false","intel-pku","false","3","y","1","y","1","n","1","n","1","n","2","n","3"
"e8aa6c22d9aba9cde01e461ed2c05007","intel-pku","false","intel-pku","false","intel-pku","false","3","y","1","n","1","n","1","n","1","n","1","n","3"
"e9e96eec02a36816e1f4edee458fa634","intel-pku","false","intel-pku","false","intel-pku","false","1","n","1","n","1","n","1","n","1","n","2","y","3"
"ec74a169862e5d691e5f6c8e2d3f15cb","intel-pku","false","intel-pku","false","intel-pku","false","2","y","1","y","1","n","1","n","1","n","2","y","3"
"ed0e621213f97efada92eed2f9827568","intel-pku","false","intel-pku","false","intel-pku","false","3","y","1","y","1","n","1","n","1","n","3","n","3"
"edbb49f4251a6664c82e4625e204ebfc","intel-pku","false","intel-pku","false","intel-pku","false","1","n","1","y","1","y","1","n","1","n","3","y","3"
"ef655bd3ef7ac11d99b51f4adff5a47e","intel-pku","false","intel-pku","false","intel-pku","false","3","n","1","n","1","y","1","n","1","n","3","y","3"
"f0257820ac39d77b41b66caf7e12b0ad","intel-pku","false","intel-pku","false","intel-pku","false","1","y","1","y","1","y","1","n","1","n","2","y","3"
"f1847ca9110dbeafdbb5c6e1508009c1","intel-pku","false","intel-pku","false","intel-pku","false","1","y","1","y","1","n","1","n","1","n","1","y","3"
"f2e798813cc3bff067087657fa5a86df","intel-pku","false","intel-pku","false","intel-pku","false","3","n","1","n","1","y","1","n","1","n","1","y","3"
"f6f45d6d5f6f448a24c00cb99ad10983","intel-pku","false","intel-pku","false","intel-pku","false","2","y","1","n","1","n","1","n","1","n","1","n","3"
"f7b0385f00f2f4863cfb2a1c30630b68","intel-pku","false","intel-pku","false","intel-pku","false","2","y","1","n","1","y","1","n","1","n","2","y","3"
"f84306cebb098615524b6e15dd2fcd3d","intel-pku","false","intel-pku","false","intel-pku","false","1","n","1","y","1","n","1","n","1","n","1","y","3"
"f9be94fd4338d52bf1172844c1417f42","intel-pku","false","intel-pku","false","intel-pku","false","3","n","1","n","1","y","1","n","1","n","1","n","3"
"fca0c5be690b430f24ad5bc3b04d218e","intel-pku","false","intel-pku","false","intel-pku","false","2","n","1","n","1","y","1","n","1","n","3","y","3"
"fd4726e8af64a0a46b7205a2b91fdd88","intel-pku","false","intel-pku","false","intel-pku","false","3","n","1","n","1","y","1","n","1","n","3","n","3"
"fde5316952718076727c8921349c2a52","intel-pku","false","intel-pku","false","intel-pku","false","3","y","1","y","1","n","1","n","1","n","1","n","3"
"fdf1ac141c01901d3016f9da2d042eb4","intel-pku","false","intel-pku","false","intel-pku","false","3","y","1","n","1","y","1","n","1","n","2","n","3"
"ffae12d1084e949146b8c8e940718cb7","intel-pku","false","intel-pku","false","intel-pku","false","3","n","1","y","1","n","1","n","1","n","3","n","3"
