"TASKID","COMPARTMENT1_DRIVER","COMPARTMENT1_ISOLSTACK","COMPARTMENT2_DRIVER","COMPARTMENT2_ISOLSTACK","COMPARTMENT3_DRIVER","COMPARTMENT3_ISOLSTACK","LIBLWIP_COMPARTMENT","LIBLWIP_SFI","LIBNEWLIB_COMPARTMENT","LIBNEWLIB_SFI","LIBPTHREAD_EMBEDDED_COMPARTMENT","LIBPTHREAD_EMBEDDED_SFI","LIBREDIS_COMPARTMENT","LIBREDIS_SFI","LIBTLSF_COMPARTMENT","LIBTLSF_SFI","LIBUKSCHED_COMPARTMENT","LIBUKSCHED_SFI","NUM_COMPARTMENTS"
"027fe06f22ef7bc413479dbbcaee9eb6","intel-pku","false","intel-pku","false","intel-pku","false","2","y","1","n","1","n","1","y","1","n","2","n","3"
"038b80c19c8ed4560b9e9756bbfcd62a","intel-pku","false","intel-pku","false","intel-pku","false","3","n","1","y","1","n","1","y","1","n","2","y","3"
"0487c432c8ebe37fe9c57cec7958dd92","intel-pku","false","intel-pku","false","intel-pku","false","2","y","1","y","1","n","1","y","1","n","2","n","3"
"055aaedc9dc6a0a5a5d82bbe20082b0f","intel-pku","false","intel-pku","false","intel-pku","false","3","n","1","n","1","n","1","y","1","n","2","n","3"
"070fe412b6bf6c48c464906b0db52961","intel-pku","false","intel-pku","false","intel-pku","false","3","y","1","n","1","n","1","n","1","n","1","n","3"
"0bd71feedc38d9feef15d5d7b0245b11","intel-pku","false","intel-pku","false","intel-pku","false","1","n","1","n","1","n","1","n","1","n","3","n","3"
"0c41ceca9ef35858191bb429f61adccc","intel-pku","false","intel-pku","false","intel-pku","false","1","n","1","y","1","n","1","y","1","n","2","y","3"
"0d7fb2de1d3e091e4b5ff432a3b5ecd1","intel-pku","false","intel-pku","false","intel-pku","false","2","n","1","y","1","n","1","n","1","n","2","y","3"
"0fd7ce2711a51bb6582e63d6f3831b28","intel-pku","false","intel-pku","false","intel-pku","false","3","y","1","n","1","n","1","n","1","n","2","y","3"
"0fed10b8748ed5c2f652a5b7df917985","intel-pku","false","intel-pku","false","intel-pku","false","2","y","1","y","1","n","1","n","1","n","3","n","3"
"10fef362f1cecea2e6811375ea2b1316","intel-pku","false","intel-pku","false","intel-pku","false","1","y","1","y","1","n","1","n","1","n","2","y","3"
"1258ad7ef3f32c89b39ff1bca943a026","intel-pku","false","intel-pku","false","intel-pku","false","2","y","1","n","1","n","1","y","1","n","1","n","3"
"12e37eb8efaac786ea5c8ac879637c5b","intel-pku","false","intel-pku","false","intel-pku","false","1","y","1","n","1","n","1","y","1","n","2","n","3"
"130d65713bbc5f593f4659fe44a698ef","intel-pku","false","intel-pku","false","intel-pku","false","1","n","1","n","1","n","1","n","1","n","3","y","3"
"1b12e9dc03f51242c5dbb18979f1d5c9","intel-pku","false","intel-pku","false","intel-pku","false","2","y","1","n","1","n","1","y","1","n","3","y","3"
"1c85bf5e4caa12094e2b296a80f6a92b","intel-pku","false","intel-pku","false","intel-pku","false","3","y","1","n","1","n","1","y","1","n","3","n","3"
"1e265fca638f1eddd34ffa623a9205a6","intel-pku","false","intel-pku","false","intel-pku","false","1","y","1","y","1","n","1","n","1","n","1","n","3"
"1e587ffd73b4ea0432f47f66188bc818","intel-pku","false","intel-pku","false","intel-pku","false","1","y","1","y","1","n","1","n","1","n","1","y","3"
"1fac615b09d409acb7cc891ff36cee1e","intel-pku","false","intel-pku","false","intel-pku","false","1","y","1","n","1","n","1","y","1","n","3","n","3"
"20779cd759fe85ca79e630a004e71cd9","intel-pku","false","intel-pku","false","intel-pku","false","1","n","1","n","1","n","1","y","1","n","3","n","3"
"209a7f06186f63957741c5cd1a8ba0c3","intel-pku","false","intel-pku","false","intel-pku","false","3","n","1","n","1","n","1","n","1","n","2","y","3"
"248a4ae75b21d19c94888bdefc86118c","intel-pku","false","intel-pku","false","intel-pku","false","3","y","1","y","1","n","1","y","1","n","3","n","3"
"256d5a26dd5df5155cbde4c9552dd377","intel-pku","false","intel-pku","false","intel-pku","false","1","n","1","n","1","n","1","y","1","n","2","n","3"
"270272f4576985b241c8e6f15e4e04db","intel-pku","false","intel-pku","false","intel-pku","false","2","n","1","y","1","n","1","n","1","n","2","n","3"
"28a63b57e8dda2cc33234597df17d27b","intel-pku","false","intel-pku","false","intel-pku","false","3","n","1","n","1","n","1","n","1","n","3","n","3"
"2995d05a44ae6e76775aca7a5d47fc1e","intel-pku","false","intel-pku","false","intel-pku","false","1","n","1","y","1","n","1","n","1","n","2","y","3"
"2abe9fbb5841a5535b46204f55a02e28","intel-pku","false","intel-pku","false","intel-pku","false","2","y","1","y","1","n","1","y","1","n","1","y","3"
"2b77f95a3a01ea3225320222e47d2ab4","intel-pku","false","intel-pku","false","intel-pku","false","3","n","1","y","1","n","1","y","1","n","1","n","3"
"2c5a4f3e509aca629b65a76bbeed5e1e","intel-pku","false","intel-pku","false","intel-pku","false","2","n","1","y","1","n","1","n","1","n","3","y","3"
"2ca73e71437b376f00c843285d8213ff","intel-pku","false","intel-pku","false","intel-pku","false","3","n","1","y","1","n","1","n","1","n","3","n","3"
"2d53f8288f487c6355d33477557186b1","intel-pku","false","intel-pku","false","intel-pku","false","2","y","1","y","1","n","1","y","1","n","3","y","3"
"2e6ce723a21d485a62f6cfaa8989ce0f","intel-pku","false","intel-pku","false","intel-pku","false","1","n","1","y","1","n","1","n","1","n","1","n","3"
"3230d4baef2748d42694d56d5442f3ef","intel-pku","false","intel-pku","false","intel-pku","false","2","y","1","n","1","n","1","n","1","n","1","y","3"
"32b05e758c6ba9834497fa99e2ded677","intel-pku","false","intel-pku","false","intel-pku","false","1","n","1","y","1","n","1","n","1","n","2","n","3"
"33b83346819f0a7dfcb672b5a7732f42","intel-pku","false","intel-pku","false","intel-pku","false","1","y","1","y","1","n","1","n","1","n","3","n","3"
"345ec798fc32299811a763c136f9be87","intel-pku","false","intel-pku","false","intel-pku","false","3","n","1","y","1","n","1","n","1","n","2","n","3"
"3520460e0b00d0bcbd89ef44101764bf","intel-pku","false","intel-pku","false","intel-pku","false","2","y","1","y","1","n","1","y","1","n","1","n","3"
"35bb50d19aede3add785f0e1b07fb4ff","intel-pku","false","intel-pku","false","intel-pku","false","1","y","1","y","1","n","1","y","1","n","2","y","3"
"376a36c90fff3b4e10b011243ae3ccf1","intel-pku","false","intel-pku","false","intel-pku","false","2","n","1","n","1","n","1","n","1","n","3","y","3"
"39ae848fc6e5267e605c4f2ec4da70ef","intel-pku","false","intel-pku","false","intel-pku","false","3","y","1","n","1","n","1","n","1","n","3","y","3"
"3e5fab977855d4772a887b6eaeead137","intel-pku","false","intel-pku","false","intel-pku","false","3","y","1","y","1","n","1","n","1","n","3","y","3"
"4178e3e53bb939b4b20a028320698a07","intel-pku","false","intel-pku","false","intel-pku","false","2","n","1","n","1","n","1","n","1","n","2","y","3"
"41c54ac3e6b67a2317bc428a3d7cae95","intel-pku","false","intel-pku","false","intel-pku","false","1","n","1","y","1","n","1","y","1","n","1","n","3"
"4300394f6ba80e322fbd961352370837","intel-pku","false","intel-pku","false","intel-pku","false","3","y","1","n","1","n","1","n","1","n","1","y","3"
"43251d1ed741f872b6ba670e33f4bc40","intel-pku","false","intel-pku","false","intel-pku","false","1","y","1","y","1","n","1","y","1","n","1","y","3"
"4411e162d7d96a04874a885d91563e8f","intel-pku","false","intel-pku","false","intel-pku","false","1","y","1","y","1","n","1","y","1","n","3","y","3"
"4719e8f636b40046677b56208bc440fe","intel-pku","false","intel-pku","false","intel-pku","false","2","y","1","y","1","n","1","n","1","n","1","n","3"
"4ba69714a0ab1813bf4638172b08fd0b","intel-pku","false","intel-pku","false","intel-pku","false","2","y","1","y","1","n","1","y","1","n","3","n","3"
"4d55c5253821320a7fb7862b630329b4","intel-pku","false","intel-pku","false","intel-pku","false","2","y","1","n","1","n","1","n","1","n","3","y","3"
"4e68b82fd06086092315ee9df5d58c93","intel-pku","false","intel-pku","false","intel-pku","false","1","n","1","y","1","n","1","y","1","n","2","n","3"
"4eb40a018335914b4a45e75d7c8e7cd7","intel-pku","false","intel-pku","false","intel-pku","false","2","y","1","y","1","n","1","n","1","n","1","y","3"
"50f6e4bbe68856e632f53ca399fce39c","intel-pku","false","intel-pku","false","intel-pku","false","3","n","1","y","1","n","1","n","1","n","2","y","3"
"518789077681f6f0c7a00daba89dfa26","intel-pku","false","intel-pku","false","intel-pku","false","1","y","1","n","1","n","1","n","1","n","3","n","3"
"5271226525e0ae82be97e95425f4a680","intel-pku","false","intel-pku","false","intel-pku","false","1","n","1","y","1","n","1","n","1","n","3","n","3"
"53763dd749a3e122057c59ca0d499ac8","intel-pku","false","intel-pku","false","intel-pku","false","1","y","1","y","1","n","1","y","1","n","1","n","3"
"564b39c8e1e3dc3daa38233c2583efbc","intel-pku","false","intel-pku","false","intel-pku","false","3","n","1","y","1","n","1","y","1","n","3","y","3"
"574258154be5cd20a0a1a748730bedf3","intel-pku","false","intel-pku","false","intel-pku","false","1","y","1","y","1","n","1","n","1","n","3","y","3"
"5bdaa66853f269aaadbc23a3e1baf64d","intel-pku","false","intel-pku","false","intel-pku","false","1","y","1","n","1","n","1","n","1","n","2","y","3"
"5f55787624b864552b696626f4b96a5e","intel-pku","false","intel-pku","false","intel-pku","false","2","n","1","y","1","n","1","n","1","n","1","y","3"
"62cdd89baa4ca1599f9a36c25e67c8e7","intel-pku","false","intel-pku","false","intel-pku","false","3","n","1","n","1","n","1","n","1","n","1","n","3"
"62eaa2b1fe9dbc0765c0dc4034cb24ba","intel-pku","false","intel-pku","false","intel-pku","false","1","y","1","n","1","n","1","n","1","n","1","n","3"
"634a96ffb067c1bac3601d09cb421988","intel-pku","false","intel-pku","false","intel-pku","false","2","n","1","y","1","n","1","y","1","n","1","y","3"
"636b688af3121a056d8da303ab7431a2","intel-pku","false","intel-pku","false","intel-pku","false","3","y","1","y","1","n","1","y","1","n","1","n","3"
"64bb0fb94df616d82ad27caf1486211f","intel-pku","false","intel-pku","false","intel-pku","false","2","n","1","y","1","n","1","n","1","n","3","n","3"
"6501c2678caae1080ffc98d2db7d35a3","intel-pku","false","intel-pku","false","intel-pku","false","1","n","1","n","1","n","1","y","1","n","1","n","3"
"653cf9125cd31c7eafef71c2a41cb14b","intel-pku","false","intel-pku","false","intel-pku","false","3","n","1","n","1","n","1","y","1","n","3","y","3"
"662b4bdd67d0277b14c648c88573ffd4","intel-pku","false","intel-pku","false","intel-pku","false","3","y","1","n","1","n","1","y","1","n","2","y","3"
"6ec38590262c1eca98a6299f9bbf1ab6","intel-pku","false","intel-pku","false","intel-pku","false","3","y","1","y","1","n","1","y","1","n","3","y","3"
"6ee6918d714960dd9df8b8e185098aba","intel-pku","false","intel-pku","false","intel-pku","false","3","n","1","n","1","n","1","n","1","n","1","y","3"
"6fd1dca3c1b387e94989359ec71ea51c","intel-pku","false","intel-pku","false","intel-pku","false","2","n","1","y","1","n","1","y","1","n","3","n","3"
"71f173f1e4e96ba961d233266f69872a","intel-pku","false","intel-pku","false","intel-pku","false","2","n","1","n","1","n","1","n","1","n","1","y","3"
"72c37bc132ba9779ef4d574004fef51f","intel-pku","false","intel-pku","false","intel-pku","false","3","y","1","y","1","n","1","y","1","n","1","y","3"
"7e71cbe4112f88d7abffd131fd140622","intel-pku","false","intel-pku","false","intel-pku","false","3","y","1","n","1","n","1","n","1","n","2","n","3"
"7e9de06e835a7e90813a79f959714478","intel-pku","false","intel-pku","false","intel-pku","false","2","n","1","n","1","n","1","y","1","n","2","n","3"
"7e9ded49a73ca9d1cddaa11139328017","intel-pku","false","intel-pku","false","intel-pku","false","1","n","1","y","1","n","1","n","1","n","1","y","3"
"81c4d5b02e33350963dc7b16e7991cb4","intel-pku","false","intel-pku","false","intel-pku","false","2","n","1","n","1","n","1","n","1","n","3","n","3"
"82ab0b4eba7cddb91bfe48e4632f7425","intel-pku","false","intel-pku","false","intel-pku","false","3","y","1","n","1","n","1","n","1","n","3","n","3"
"850e147fbbbd6c9ce6f20cff8e2aeff8","intel-pku","false","intel-pku","false","intel-pku","false","1","y","1","n","1","n","1","y","1","n","3","y","3"
"8a6af7d365cd6a747a342a351c75d46b","intel-pku","false","intel-pku","false","intel-pku","false","3","y","1","n","1","n","1","y","1","n","1","y","3"
"8d800dbc56e4c66eb3d91661740c4b0f","intel-pku","false","intel-pku","false","intel-pku","false","1","y","1","n","1","n","1","n","1","n","1","y","3"
"8d8dfe4e2f5a4207d733ddfdc8e223d2","intel-pku","false","intel-pku","false","intel-pku","false","1","y","1","n","1","n","1","y","1","n","1","n","3"
"8fe881f3d0ac4432a682c06d1b2275d0","intel-pku","false","intel-pku","false","intel-pku","false","1","n","1","n","1","n","1","n","1","n","1","y","3"
"912e1061639051a1eb125aa3e1abee22","intel-pku","false","intel-pku","false","intel-pku","false","3","n","1","y","1","n","1","n","1","n","1","y","3"
"952c33996cb8893f7dc96002250c6340","intel-pku","false","intel-pku","false","intel-pku","false","3","y","1","n","1","n","1","y","1","n","3","y","3"
"9a3eecb64e5b82533c8767a94b5f832f","intel-pku","false","intel-pku","false","intel-pku","false","1","n","1","n","1","n","1","y","1","n","2","y","3"
"9b75f50a27a1a106bc9c03d7bf5018b1","intel-pku","false","intel-pku","false","intel-pku","false","1","y","1","n","1","n","1","y","1","n","2","y","3"
"9bf0659d52df374f233c4224e91ec0f1","intel-pku","false","intel-pku","false","intel-pku","false","2","n","1","y","1","n","1","n","1","n","1","n","3"
"a06e77062d45f9686dda79d5d3a2fbbc","intel-pku","false","intel-pku","false","intel-pku","false","1","n","1","y","1","n","1","y","1","n","1","y","3"
"a32b58f4f9e015f88fef9b66ea6a7608","intel-pku","false","intel-pku","false","intel-pku","false","2","y","1","n","1","n","1","n","1","n","2","n","3"
"a44038e69070c2b23d060a9848d52185","intel-pku","false","intel-pku","false","intel-pku","false","2","y","1","n","1","n","1","y","1","n","1","y","3"
"a5d91ba4262690390e3dc60e326ebec3","intel-pku","false","intel-pku","false","intel-pku","false","3","n","1","n","1","n","1","y","1","n","2","y","3"
"a635a1324f3dd4417d0f08239bdcea5d","intel-pku","false","intel-pku","false","intel-pku","false","1","y","1","n","1","n","1","y","1","n","1","y","3"
"a9c1c246edcca661896e81e50eeac921","intel-pku","false","intel-pku","false","intel-pku","false","3","y","1","y","1","n","1","n","1","n","3","n","3"
"aa22fa3ffbd9158f7ae1f6081d730090","intel-pku","false","intel-pku","false","intel-pku","false","3","y","1","n","1","n","1","y","1","n","2","n","3"
"aa5e5c35bd6d69f088b20a85c8d3748f","intel-pku","false","intel-pku","false","intel-pku","false","3","y","1","y","1","n","1","n","1","n","1","y","3"
"ab6d890a4050ec686648252b77c781ad","intel-pku","false","intel-pku","false","intel-pku","false","3","y","1","y","1","n","1","n","1","n","2","y","3"
"ab6f1a2e58555e7fac0d368a5602c7d0","intel-pku","false","intel-pku","false","intel-pku","false","2","n","1","n","1","n","1","n","1","n","1","n","3"
"ad051458033f10f8ec2eb338d5f416c4","intel-pku","false","intel-pku","false","intel-pku","false","2","n","1","y","1","n","1","y","1","n","3","y","3"
"af49625cbd5735a62b5c44fdb22ffb7d","intel-pku","false","intel-pku","false","intel-pku","false","3","n","1","y","1","n","1","n","1","n","3","y","3"
"afa88e8aa7b3de9cec6355d3225edc3a","intel-pku","false","intel-pku","false","intel-pku","false","2","n","1","n","1","n","1","y","1","n","2","y","3"
"b1974b3e98d0c62b550623b5dacc4eb7","intel-pku","false","intel-pku","false","intel-pku","false","3","y","1","n","1","n","1","y","1","n","1","n","3"
"b2d063f1b242d54b20554ab829639b31","intel-pku","false","intel-pku","false","intel-pku","false","1","y","1","n","1","n","1","n","1","n","3","y","3"
"b51fb1d91f57c2b74724ed32e7c0b1fd","intel-pku","false","intel-pku","false","intel-pku","false","1","y","1","y","1","n","1","y","1","n","2","n","3"
"b8abd3604adfc109bb56b4f8419b03b2","intel-pku","false","intel-pku","false","intel-pku","false","2","n","1","y","1","n","1","y","1","n","2","y","3"
"bd11845bbab169850069e47e3b9c2bc0","intel-pku","false","intel-pku","false","intel-pku","false","2","y","1","y","1","n","1","y","1","n","2","y","3"
"bd486c3de539ef06d0142edb340b99d8","intel-pku","false","intel-pku","false","intel-pku","false","3","n","1","y","1","n","1","n","1","n","1","n","3"
"bea1b4578968b3bfa758bf1798cd07ac","intel-pku","false","intel-pku","false","intel-pku","false","3","y","1","y","1","n","1","y","1","n","2","y","3"
"c73419783cad13e03518ac361e442dc3","intel-pku","false","intel-pku","false","intel-pku","false","1","y","1","y","1","n","1","y","1","n","3","n","3"
"c797e28c8c6254fcb30a08c164527846","intel-pku","false","intel-pku","false","intel-pku","false","2","y","1","n","1","n","1","n","1","n","2","y","3"
"c8da568b01fdcab600288f35d44cf78a","intel-pku","false","intel-pku","false","intel-pku","false","2","n","1","n","1","n","1","n","1","n","2","n","3"
"c9020da66335d931e89848bd23fc5809","intel-pku","false","intel-pku","false","intel-pku","false","3","n","1","y","1","n","1","y","1","n","3","n","3"
"cd1490b6b695bc1dad92e406a57c737e","intel-pku","false","intel-pku","false","intel-pku","false","2","n","1","y","1","n","1","y","1","n","1","n","3"
"cd97c8234828fffcc5a1af37b3bddcae","intel-pku","false","intel-pku","false","intel-pku","false","1","n","1","n","1","n","1","y","1","n","3","y","3"
"cf03ba0a2c70ac61c730bad91e88ed45","intel-pku","false","intel-pku","false","intel-pku","false","3","n","1","n","1","n","1","n","1","n","2","n","3"
"cfacf10d92b8803dc52d852a70e3fa19","intel-pku","false","intel-pku","false","intel-pku","false","2","y","1","y","1","n","1","n","1","n","3","y","3"
"d1aecbc94cc04c477cec22b4cc24329c","intel-pku","false","intel-pku","false","intel-pku","false","2","n","1","n","1","n","1","y","1","n","1","y","3"
"d6a3c313ce120ab06f913cd214728fa2","intel-pku","false","intel-pku","false","intel-pku","false","1","n","1","y","1","n","1","y","1","n","3","y","3"
"d83a041f5d3be6b8e1a3f30a7e24b5d1","intel-pku","false","intel-pku","false","intel-pku","false","3","n","1","n","1","n","1","n","1","n","3","y","3"
"d8ba2293ae106ea867bc00ecc1d43f67","intel-pku","false","intel-pku","false","intel-pku","false","2","n","1","n","1","n","1","y","1","n","3","n","3"
"d97111eed26d76a06214244467e7e76f","intel-pku","false","intel-pku","false","intel-pku","false","2","y","1","y","1","n","1","n","1","n","2","y","3"
"da1fe77f35e5665675d8696787966e10","intel-pku","false","intel-pku","false","intel-pku","false","2","y","1","y","1","n","1","n","1","n","2","n","3"
"db472d899919a7a098149e7f6a6e8e94","intel-pku","false","intel-pku","false","intel-pku","false","1","y","1","n","1","n","1","n","1","n","2","n","3"
"dbbb003a229b29d7cd132ac93bf879f5","intel-pku","false","intel-pku","false","intel-pku","false","3","n","1","y","1","n","1","y","1","n","1","y","3"
"dcf905aeca7f2a496f20724f246d869f","intel-pku","false","intel-pku","false","intel-pku","false","1","n","1","y","1","n","1","n","1","n","3","y","3"
"e119357443590064bb6a32fe37579a31","intel-pku","false","intel-pku","false","intel-pku","false","2","n","1","n","1","n","1","y","1","n","1","n","3"
"e294776ae7c83649f544ee9f46079682","intel-pku","false","intel-pku","false","intel-pku","false","3","n","1","n","1","n","1","y","1","n","1","n","3"
"e2df4b4eb5f8d943b066770dd022c2f3","intel-pku","false","intel-pku","false","intel-pku","false","2","y","1","n","1","n","1","n","1","n","1","n","3"
"e331bb9b97bf9bdf23bbc9c28f083816","intel-pku","false","intel-pku","false","intel-pku","false","1","n","1","n","1","n","1","n","1","n","2","n","3"
"e58221d6896638606986dec7de39a71b","intel-pku","false","intel-pku","false","intel-pku","false","3","n","1","y","1","n","1","y","1","n","2","n","3"
"e76dc5bb5377eb898994e331fa8d5d19","intel-pku","false","intel-pku","false","intel-pku","false","3","y","1","y","1","n","1","n","1","n","2","n","3"
"e7971cb16b89e1014602b38e08e1cb4e","intel-pku","false","intel-pku","false","intel-pku","false","3","n","1","n","1","n","1","y","1","n","1","y","3"
"e9fe02827fc6870d28d16cfd4574407d","intel-pku","false","intel-pku","false","intel-pku","false","3","y","1","y","1","n","1","n","1","n","1","n","3"
"eedea4a40a692cba3a942070313d9b73","intel-pku","false","intel-pku","false","intel-pku","false","1","n","1","n","1","n","1","n","1","n","2","y","3"
"f0dc544b1a8e4d3ca767280719d2a50f","intel-pku","false","intel-pku","false","intel-pku","false","3","y","1","y","1","n","1","y","1","n","2","n","3"
"f1aec15582a06691ccd2dade0243953e","intel-pku","false","intel-pku","false","intel-pku","false","1","n","1","y","1","n","1","y","1","n","3","n","3"
"f2ac69a2dfc1eac5fb5549a2324ac289","intel-pku","false","intel-pku","false","intel-pku","false","1","y","1","y","1","n","1","n","1","n","2","n","3"
"f59254e2d3cceaea8e4c1484c09d27cf","intel-pku","false","intel-pku","false","intel-pku","false","2","y","1","n","1","n","1","y","1","n","2","y","3"
"f85fdaf6902648e7d5a236d328a171b6","intel-pku","false","intel-pku","false","intel-pku","false","1","n","1","n","1","n","1","y","1","n","1","y","3"
"f89fb01c2ba0d52686d6de5bd1fc370b","intel-pku","false","intel-pku","false","intel-pku","false","2","n","1","y","1","n","1","y","1","n","2","n","3"
"f933954b011b373815989494cb875c06","intel-pku","false","intel-pku","false","intel-pku","false","2","y","1","n","1","n","1","y","1","n","3","n","3"
"faf89a4a635b82d70cebcbfcaf9b9971","intel-pku","false","intel-pku","false","intel-pku","false","1","n","1","n","1","n","1","n","1","n","1","n","3"
"fbbe380c76371998527ea4bb0be9f2c6","intel-pku","false","intel-pku","false","intel-pku","false","2","n","1","n","1","n","1","y","1","n","3","y","3"
"fdfdc416efad1545c5af623b5f1a8d8d","intel-pku","false","intel-pku","false","intel-pku","false","2","y","1","n","1","n","1","n","1","n","3","n","3"
"fecc950af646b456911a95635b487779","intel-pku","false","intel-pku","false","intel-pku","false","3","n","1","n","1","n","1","y","1","n","3","n","3"
